task_id,phase,code_path,objective,evidence_target,prerequisites,status,run_id,raw_output,derived_output,certificate,notes
I-01,I,workflow/Snakefile,Build the dependency graph for all calculations.,declared_by_master_instruction,execution_order_and_scientific_gates,PASS_EXACT,f2916d3fc9ed2bf74d0864ddeb7c5d75a9d4b9cb47de21bb4467d9bed07d5585,results/f2916d3fc9ed2bf74d0864ddeb7c5d75a9d4b9cb47de21bb4467d9bed07d5585/logs/phase_i_execution_report.json,,results/f2916d3fc9ed2bf74d0864ddeb7c5d75a9d4b9cb47de21bb4467d9bed07d5585/logs/phase_i_execution_report.json,
I-02,I,environment/lock_environment.py,Freeze exact software environment.,declared_by_master_instruction,execution_order_and_scientific_gates,PASS_EXACT,f2916d3fc9ed2bf74d0864ddeb7c5d75a9d4b9cb47de21bb4467d9bed07d5585,results/f2916d3fc9ed2bf74d0864ddeb7c5d75a9d4b9cb47de21bb4467d9bed07d5585/environment/environment.json,,results/f2916d3fc9ed2bf74d0864ddeb7c5d75a9d4b9cb47de21bb4467d9bed07d5585/environment/environment.json,
I-03,I,external/fetch_public_baselines.py,Fetch or register public benchmark resources when legally and technically available.,declared_by_master_instruction,execution_order_and_scientific_gates,PASS_EXTERNAL,f2916d3fc9ed2bf74d0864ddeb7c5d75a9d4b9cb47de21bb4467d9bed07d5585,public_data/provenance.json,,public_data/provenance.json,
I-04,I,exact/build_octagon_surface_group.sage,Construct the exact genus-two regular-octagon surface group.,declared_by_master_instruction,execution_order_and_scientific_gates,PASS_EXACT,f2916d3fc9ed2bf74d0864ddeb7c5d75a9d4b9cb47de21bb4467d9bed07d5585,results/f2916d3fc9ed2bf74d0864ddeb7c5d75a9d4b9cb47de21bb4467d9bed07d5585/exact/i04_octagon_group.json,,results/f2916d3fc9ed2bf74d0864ddeb7c5d75a9d4b9cb47de21bb4467d9bed07d5585/exact/i04_octagon_group.json,
I-05,I,exact/certify_238_commensurability.sage,"Verify the relation between the selected octagon realization and the arithmetic (2,3,8) class.",declared_by_master_instruction,execution_order_and_scientific_gates,PASS_EXACT,f2916d3fc9ed2bf74d0864ddeb7c5d75a9d4b9cb47de21bb4467d9bed07d5585,results/f2916d3fc9ed2bf74d0864ddeb7c5d75a9d4b9cb47de21bb4467d9bed07d5585/exact/i05_commensurability_238.json,,results/f2916d3fc9ed2bf74d0864ddeb7c5d75a9d4b9cb47de21bb4467d9bed07d5585/exact/i05_commensurability_238.json,
I-06,I,covers/generate_cover_towers.g,Generate at least THREE inequivalent finite-cover towers.,declared_by_master_instruction,execution_order_and_scientific_gates,PASS_EXACT,f2916d3fc9ed2bf74d0864ddeb7c5d75a9d4b9cb47de21bb4467d9bed07d5585,results/f2916d3fc9ed2bf74d0864ddeb7c5d75a9d4b9cb47de21bb4467d9bed07d5585/raw/covers/cover_towers.json,,results/f2916d3fc9ed2bf74d0864ddeb7c5d75a9d4b9cb47de21bb4467d9bed07d5585/raw/covers/cover_towers.json,
I-07,I,geometry/build_orbit_and_frames.py,Generate orbit sites in:,declared_by_master_instruction,execution_order_and_scientific_gates,PASS_CONVERGED,f2916d3fc9ed2bf74d0864ddeb7c5d75a9d4b9cb47de21bb4467d9bed07d5585,results/f2916d3fc9ed2bf74d0864ddeb7c5d75a9d4b9cb47de21bb4467d9bed07d5585/certificates/i07_geometry.json,,results/f2916d3fc9ed2bf74d0864ddeb7c5d75a9d4b9cb47de21bb4467d9bed07d5585/certificates/i07_geometry.json,
I-08,I,model/build_aro3b_hamiltonian.py,Construct sparse ARO-3B Hamiltonians.,declared_by_master_instruction,execution_order_and_scientific_gates,PASS_CONVERGED,f2916d3fc9ed2bf74d0864ddeb7c5d75a9d4b9cb47de21bb4467d9bed07d5585,results/f2916d3fc9ed2bf74d0864ddeb7c5d75a9d4b9cb47de21bb4467d9bed07d5585/certificates/i08_aro3b.json,,results/f2916d3fc9ed2bf74d0864ddeb7c5d75a9d4b9cb47de21bb4467d9bed07d5585/certificates/i08_aro3b.json,
I-09,I,exact/interval_backend.sage,Build interval/ball arithmetic backend.,declared_by_master_instruction,execution_order_and_scientific_gates,PASS_CERTIFIED,f2916d3fc9ed2bf74d0864ddeb7c5d75a9d4b9cb47de21bb4467d9bed07d5585,results/f2916d3fc9ed2bf74d0864ddeb7c5d75a9d4b9cb47de21bb4467d9bed07d5585/certificates/i09_interval_backend.json,,results/f2916d3fc9ed2bf74d0864ddeb7c5d75a9d4b9cb47de21bb4467d9bed07d5585/certificates/i09_interval_backend.json,
I-10,I,audit/run_manifest.py,"Create run manifests, hashes and provenance records.",declared_by_master_instruction,execution_order_and_scientific_gates,PASS_EXACT,f2916d3fc9ed2bf74d0864ddeb7c5d75a9d4b9cb47de21bb4467d9bed07d5585,results/f2916d3fc9ed2bf74d0864ddeb7c5d75a9d4b9cb47de21bb4467d9bed07d5585/manifest.json,,results/f2916d3fc9ed2bf74d0864ddeb7c5d75a9d4b9cb47de21bb4467d9bed07d5585/manifest.json,
G-01,G,geometry/validate_distance_identity.py,Verify the exact hyperbolic twist displacement law directly from independent coordinate calculations.,declared_by_master_instruction,execution_order_and_scientific_gates,PASS_CERTIFIED,5f785708371af9f1335a4e084146aa48e37b495c8f88737b551055c5cd8b3de3,results/5f785708371af9f1335a4e084146aa48e37b495c8f88737b551055c5cd8b3de3/raw/distance_identity.parquet,results/5f785708371af9f1335a4e084146aa48e37b495c8f88737b551055c5cd8b3de3/derived/distance_identity_residuals.parquet,results/5f785708371af9f1335a4e084146aa48e37b495c8f88737b551055c5cd8b3de3/certificates/g01_distance_identity.json,
G-02,G,geometry/moire_length_inversion.py,Solve the registry-threshold equation numerically.,declared_by_master_instruction,execution_order_and_scientific_gates,PASS_CONVERGED,5f785708371af9f1335a4e084146aa48e37b495c8f88737b551055c5cd8b3de3,results/5f785708371af9f1335a4e084146aa48e37b495c8f88737b551055c5cd8b3de3/raw/moire_length.zarr,results/5f785708371af9f1335a4e084146aa48e37b495c8f88737b551055c5cd8b3de3/derived/moire_length_errors.parquet,results/5f785708371af9f1335a4e084146aa48e37b495c8f88737b551055c5cd8b3de3/certificates/g02_moire_length.json,
G-03,G,geometry/effective_area.py,Compute the hyperbolic registry area numerically and analytically.,declared_by_master_instruction,execution_order_and_scientific_gates,PASS_CONVERGED,5f785708371af9f1335a4e084146aa48e37b495c8f88737b551055c5cd8b3de3,results/5f785708371af9f1335a4e084146aa48e37b495c8f88737b551055c5cd8b3de3/raw/effective_area.zarr,results/5f785708371af9f1335a4e084146aa48e37b495c8f88737b551055c5cd8b3de3/derived/effective_area_errors.parquet,results/5f785708371af9f1335a4e084146aa48e37b495c8f88737b551055c5cd8b3de3/certificates/g03_effective_area.json,
G-04,G,geometry/crossover_collapse.py,Validate:,declared_by_master_instruction,execution_order_and_scientific_gates,PASS_CONVERGED,5f785708371af9f1335a4e084146aa48e37b495c8f88737b551055c5cd8b3de3,results/5f785708371af9f1335a4e084146aa48e37b495c8f88737b551055c5cd8b3de3/raw/crossover.zarr,results/5f785708371af9f1335a4e084146aa48e37b495c8f88737b551055c5cd8b3de3/derived/flow_residual.parquet,results/5f785708371af9f1335a4e084146aa48e37b495c8f88737b551055c5cd8b3de3/certificates/g04_crossover.json,
G-05,G,geometry/double_scaling.py,Validate the simultaneous small-angle / weak-curvature scaling function.,declared_by_master_instruction,execution_order_and_scientific_gates,PASS_CONVERGED,5f785708371af9f1335a4e084146aa48e37b495c8f88737b551055c5cd8b3de3,results/5f785708371af9f1335a4e084146aa48e37b495c8f88737b551055c5cd8b3de3/raw/double_scaling.zarr,results/5f785708371af9f1335a4e084146aa48e37b495c8f88737b551055c5cd8b3de3/derived/double_scaling_convergence.parquet,results/5f785708371af9f1335a4e084146aa48e37b495c8f88737b551055c5cd8b3de3/certificates/g05_double_scaling.json,
G-06,G,geometry/dimensional_extension.py,Numerically test D-dimensional endpoint laws for several D.,declared_by_master_instruction,execution_order_and_scientific_gates,PASS_CONVERGED,5f785708371af9f1335a4e084146aa48e37b495c8f88737b551055c5cd8b3de3,results/5f785708371af9f1335a4e084146aa48e37b495c8f88737b551055c5cd8b3de3/raw/dimensional_extension.zarr,results/5f785708371af9f1335a4e084146aa48e37b495c8f88737b551055c5cd8b3de3/derived/dimensional_endpoint_laws.parquet,results/5f785708371af9f1335a4e084146aa48e37b495c8f88737b551055c5cd8b3de3/certificates/g06_dimensional_extension.json,
G-07,G,exact/euclidean_square_csl.sage,Exactly regenerate Euclidean square CSL theory.,declared_by_master_instruction,execution_order_and_scientific_gates,PASS_EXACT,5f785708371af9f1335a4e084146aa48e37b495c8f88737b551055c5cd8b3de3,results/5f785708371af9f1335a4e084146aa48e37b495c8f88737b551055c5cd8b3de3/exact/g07_euclidean_square_csl.json,results/5f785708371af9f1335a4e084146aa48e37b495c8f88737b551055c5cd8b3de3/derived/euclidean_square_csl_examples.parquet,results/5f785708371af9f1335a4e084146aa48e37b495c8f88737b551055c5cd8b3de3/exact/g07_euclidean_square_csl.json,
G-08,G,exact/euclidean_angle_catalog.sage,Enumerate all nontrivial square-lattice commensurate structures below 100 bilayer atoms.,declared_by_master_instruction,execution_order_and_scientific_gates,PASS_EXACT,5f785708371af9f1335a4e084146aa48e37b495c8f88737b551055c5cd8b3de3,results/5f785708371af9f1335a4e084146aa48e37b495c8f88737b551055c5cd8b3de3/exact/g08_euclidean_angle_catalog.json,results/5f785708371af9f1335a4e084146aa48e37b495c8f88737b551055c5cd8b3de3/derived/euclidean_angle_catalog.parquet,results/5f785708371af9f1335a4e084146aa48e37b495c8f88737b551055c5cd8b3de3/exact/g08_euclidean_angle_catalog.json,
G-09,G,exact/commensurator_sequence.sage,Construct,declared_by_master_instruction,execution_order_and_scientific_gates,PASS_EXACT,5f785708371af9f1335a4e084146aa48e37b495c8f88737b551055c5cd8b3de3,results/5f785708371af9f1335a4e084146aa48e37b495c8f88737b551055c5cd8b3de3/exact/g09_commensurator_sequence.json,results/5f785708371af9f1335a4e084146aa48e37b495c8f88737b551055c5cd8b3de3/derived/commensurator_sequence.parquet,results/5f785708371af9f1335a4e084146aa48e37b495c8f88737b551055c5cd8b3de3/exact/g09_commensurator_sequence.json,
G-10,G,exact/coincidence_index_height.sage,Compute:,declared_by_master_instruction,execution_order_and_scientific_gates,PASS_EXACT,5f785708371af9f1335a4e084146aa48e37b495c8f88737b551055c5cd8b3de3,results/5f785708371af9f1335a4e084146aa48e37b495c8f88737b551055c5cd8b3de3/raw/coincidence_growth.parquet,results/5f785708371af9f1335a4e084146aa48e37b495c8f88737b551055c5cd8b3de3/raw/local_factors.json,results/5f785708371af9f1335a4e084146aa48e37b495c8f88737b551055c5cd8b3de3/certificates/g10_coincidence_index_height.json,
G-11,G,analysis/arithmetic_exponent.py,Compute,declared_by_master_instruction,execution_order_and_scientific_gates,PASS_CONVERGED,5f785708371af9f1335a4e084146aa48e37b495c8f88737b551055c5cd8b3de3,results/5f785708371af9f1335a4e084146aa48e37b495c8f88737b551055c5cd8b3de3/raw/arithmetic_exponent_inputs.parquet,results/5f785708371af9f1335a4e084146aa48e37b495c8f88737b551055c5cd8b3de3/derived/arithmetic_exponent.parquet,results/5f785708371af9f1335a4e084146aa48e37b495c8f88737b551055c5cd8b3de3/certificates/g11_arithmetic_exponent.json,
G-12,G,analysis/radial_locking.py,Compute:,declared_by_master_instruction,execution_order_and_scientific_gates,PASS_CONVERGED,5f785708371af9f1335a4e084146aa48e37b495c8f88737b551055c5cd8b3de3,results/5f785708371af9f1335a4e084146aa48e37b495c8f88737b551055c5cd8b3de3/raw/radial_locking.parquet,results/5f785708371af9f1335a4e084146aa48e37b495c8f88737b551055c5cd8b3de3/derived/radial_locking_extrapolation.parquet,results/5f785708371af9f1335a4e084146aa48e37b495c8f88737b551055c5cd8b3de3/certificates/g12_radial_locking.json,
G-13,G,analysis/magic_subsequence_sampling.py,Combine the independently certified positive microscopic root with the exact arithmetic sequence.,declared_by_master_instruction,execution_order_and_scientific_gates,PASS_CERTIFIED,b8722dc68f6c7ed04cc5d48023a0d7f52f1fe92153bb362cc57dc7144cdf17ad,results/b8722dc68f6c7ed04cc5d48023a0d7f52f1fe92153bb362cc57dc7144cdf17ad/raw/g13_magic_subsequence_inputs.parquet,results/b8722dc68f6c7ed04cc5d48023a0d7f52f1fe92153bb362cc57dc7144cdf17ad/derived/magic_subsequence_sampling.parquet,results/b8722dc68f6c7ed04cc5d48023a0d7f52f1fe92153bb362cc57dc7144cdf17ad/certificates/g13_magic_subsequence_sampling.json,verified hash-only predecessor reuse
G-14,G,analysis/magic_complexity.py,Compute the exact supercell complexity on the sampled magic sequence.,declared_by_master_instruction,execution_order_and_scientific_gates,PASS_CONVERGED,b8722dc68f6c7ed04cc5d48023a0d7f52f1fe92153bb362cc57dc7144cdf17ad,results/b8722dc68f6c7ed04cc5d48023a0d7f52f1fe92153bb362cc57dc7144cdf17ad/raw/g14_magic_complexity_inputs.parquet,results/b8722dc68f6c7ed04cc5d48023a0d7f52f1fe92153bb362cc57dc7144cdf17ad/derived/magic_complexity.parquet,results/b8722dc68f6c7ed04cc5d48023a0d7f52f1fe92153bb362cc57dc7144cdf17ad/certificates/g14_magic_complexity.json,verified hash-only predecessor reuse
G-15,G,geometry/incommensurate_joint_limit.py,Numerically test the condition,declared_by_master_instruction,execution_order_and_scientific_gates,PASS_CERTIFIED,b8722dc68f6c7ed04cc5d48023a0d7f52f1fe92153bb362cc57dc7144cdf17ad,results/b8722dc68f6c7ed04cc5d48023a0d7f52f1fe92153bb362cc57dc7144cdf17ad/raw/g15_incommensurate_sequences.parquet,results/b8722dc68f6c7ed04cc5d48023a0d7f52f1fe92153bb362cc57dc7144cdf17ad/derived/incommensurate_joint_limit.parquet,results/b8722dc68f6c7ed04cc5d48023a0d7f52f1fe92153bb362cc57dc7144cdf17ad/certificates/g15_incommensurate_joint_limit.json,verified hash-only predecessor reuse
S-01,S,spectral/square_fivestate_exact.sage,Implement the exact five-state square Hamiltonian.,declared_by_master_instruction,execution_order_and_scientific_gates,PASS_EXACT,b517afe774be43a1b885808807771069f4670585485bc48bbde3fb4c6f88e619,results/b517afe774be43a1b885808807771069f4670585485bc48bbde3fb4c6f88e619/raw/square_fivestate_exact.parquet,results/b517afe774be43a1b885808807771069f4670585485bc48bbde3fb4c6f88e619/exact/s01_square_fivestate.json,results/b517afe774be43a1b885808807771069f4670585485bc48bbde3fb4c6f88e619/exact/s01_square_fivestate.json,
S-02,S,spectral/certify_square_no_go.sage,Certify that the quadratic curvature coefficient remains positive for all alpha >= 0.,declared_by_master_instruction,execution_order_and_scientific_gates,PASS_EXACT,b517afe774be43a1b885808807771069f4670585485bc48bbde3fb4c6f88e619,results/b517afe774be43a1b885808807771069f4670585485bc48bbde3fb4c6f88e619/certificates/s02_square_no_go.json,results/b517afe774be43a1b885808807771069f4670585485bc48bbde3fb4c6f88e619/certificates/s02_square_no_go.json,results/b517afe774be43a1b885808807771069f4670585485bc48bbde3fb4c6f88e619/certificates/s02_square_no_go.json,
S-03,S,spectral/character_sector_root.py,For the natural surface-group model calculate the complete first-shell character-sector curvature.,declared_by_master_instruction,execution_order_and_scientific_gates,PASS_CONVERGED,b517afe774be43a1b885808807771069f4670585485bc48bbde3fb4c6f88e619,results/b517afe774be43a1b885808807771069f4670585485bc48bbde3fb4c6f88e619/raw/character_root.parquet,results/b517afe774be43a1b885808807771069f4670585485bc48bbde3fb4c6f88e619/derived/character_root_summary.parquet,results/b517afe774be43a1b885808807771069f4670585485bc48bbde3fb4c6f88e619/certificates/s03_character_root.json,
S-04,S,spectral/certify_character_root.sage,Certified root existence/uniqueness.,declared_by_master_instruction,execution_order_and_scientific_gates,PASS_CERTIFIED,b517afe774be43a1b885808807771069f4670585485bc48bbde3fb4c6f88e619,results/b517afe774be43a1b885808807771069f4670585485bc48bbde3fb4c6f88e619/certificates/s04_character_root.json,results/b517afe774be43a1b885808807771069f4670585485bc48bbde3fb4c6f88e619/certificates/s04_character_root.json,results/b517afe774be43a1b885808807771069f4670585485bc48bbde3fb4c6f88e619/certificates/s04_character_root.json,
S-05,S,spectral/full_kernel_schur_tail.sage,Restore the full exponential hopping kernel.,declared_by_master_instruction,execution_order_and_scientific_gates,PASS_CERTIFIED,b517afe774be43a1b885808807771069f4670585485bc48bbde3fb4c6f88e619,results/b517afe774be43a1b885808807771069f4670585485bc48bbde3fb4c6f88e619/raw/surface_group_normal_forms.txt,results/b517afe774be43a1b885808807771069f4670585485bc48bbde3fb4c6f88e619/derived/full_kernel_shells.parquet,results/b517afe774be43a1b885808807771069f4670585485bc48bbde3fb4c6f88e619/certificates/schur_tail_certificate.json,
S-06,S,spectral/root_displacement.py,Compare exact/full root against first-shell root.,declared_by_master_instruction,execution_order_and_scientific_gates,PASS_CONVERGED,b517afe774be43a1b885808807771069f4670585485bc48bbde3fb4c6f88e619,results/b517afe774be43a1b885808807771069f4670585485bc48bbde3fb4c6f88e619/raw/root_displacement.parquet,results/b517afe774be43a1b885808807771069f4670585485bc48bbde3fb4c6f88e619/raw/root_displacement.parquet,results/b517afe774be43a1b885808807771069f4670585485bc48bbde3fb4c6f88e619/certificates/s06_root_displacement.json,
S-07,S,spectral/regular_operator_island.py,Compute the complete regular group-algebra spectral target.,declared_by_master_instruction,execution_order_and_scientific_gates,INCONCLUSIVE,b517afe774be43a1b885808807771069f4670585485bc48bbde3fb4c6f88e619,results/b517afe774be43a1b885808807771069f4670585485bc48bbde3fb4c6f88e619/raw/spectral_island.zarr,results/b517afe774be43a1b885808807771069f4670585485bc48bbde3fb4c6f88e619/certificates/s07_regular_operator_island.json,results/b517afe774be43a1b885808807771069f4670585485bc48bbde3fb4c6f88e619/certificates/s07_regular_operator_island.json,
S-08,S,spectral/riesz_projector.py,Compute Riesz projectors using contour integration.,declared_by_master_instruction,execution_order_and_scientific_gates,INCONCLUSIVE,b517afe774be43a1b885808807771069f4670585485bc48bbde3fb4c6f88e619,results/b517afe774be43a1b885808807771069f4670585485bc48bbde3fb4c6f88e619/raw/riesz_projector.h5,results/b517afe774be43a1b885808807771069f4670585485bc48bbde3fb4c6f88e619/certificates/projector_certificate.json,results/b517afe774be43a1b885808807771069f4670585485bc48bbde3fb4c6f88e619/certificates/projector_certificate.json,
S-09,S,hodge/compute_harmonic_basis.py,Construct the canonical genus-two Hodge tangent basis.,declared_by_master_instruction,execution_order_and_scientific_gates,PASS_CONVERGED,b517afe774be43a1b885808807771069f4670585485bc48bbde3fb4c6f88e619,results/b517afe774be43a1b885808807771069f4670585485bc48bbde3fb4c6f88e619/raw/hodge_basis.h5,results/b517afe774be43a1b885808807771069f4670585485bc48bbde3fb4c6f88e619/raw/hodge_metric.npy,results/b517afe774be43a1b885808807771069f4670585485bc48bbde3fb4c6f88e619/certificates/s09_hodge_basis.json,
S-10,S,hodge/commutant_test.sage,Compute the symmetry representation and its G-self-adjoint commutant.,declared_by_master_instruction,execution_order_and_scientific_gates,PASS_EXACT,b517afe774be43a1b885808807771069f4670585485bc48bbde3fb4c6f88e619,results/b517afe774be43a1b885808807771069f4670585485bc48bbde3fb4c6f88e619/exact/s10_commutant.json,results/b517afe774be43a1b885808807771069f4670585485bc48bbde3fb4c6f88e619/exact/s10_commutant.json,results/b517afe774be43a1b885808807771069f4670585485bc48bbde3fb4c6f88e619/exact/s10_commutant.json,
S-11,S,hodge/full_response_tensor.py,Compute the full matrices:,declared_by_master_instruction,execution_order_and_scientific_gates,PASS_CONVERGED,b517afe774be43a1b885808807771069f4670585485bc48bbde3fb4c6f88e619,results/b517afe774be43a1b885808807771069f4670585485bc48bbde3fb4c6f88e619/raw/hodge_tensor.zarr,results/b517afe774be43a1b885808807771069f4670585485bc48bbde3fb4c6f88e619/certificates/s11_hodge_tensor.json,results/b517afe774be43a1b885808807771069f4670585485bc48bbde3fb4c6f88e619/certificates/s11_hodge_tensor.json,
S-12,S,hodge/certify_complete_cancellation.sage,Certify full-tensor cancellation at the common positive coupling.,declared_by_master_instruction,execution_order_and_scientific_gates,PASS_CERTIFIED,b517afe774be43a1b885808807771069f4670585485bc48bbde3fb4c6f88e619,results/b517afe774be43a1b885808807771069f4670585485bc48bbde3fb4c6f88e619/certificates/s12_complete_cancellation.json,results/b517afe774be43a1b885808807771069f4670585485bc48bbde3fb4c6f88e619/certificates/s12_complete_cancellation.json,results/b517afe774be43a1b885808807771069f4670585485bc48bbde3fb4c6f88e619/certificates/s12_complete_cancellation.json,
S-13,S,hodge/principal_hessian_spectrum.py,Compute ALL generalized principal Hessian eigenvalues.,declared_by_master_instruction,execution_order_and_scientific_gates,PASS_CONVERGED,b517afe774be43a1b885808807771069f4670585485bc48bbde3fb4c6f88e619,results/b517afe774be43a1b885808807771069f4670585485bc48bbde3fb4c6f88e619/raw/principal_hessian_spectrum.zarr,results/b517afe774be43a1b885808807771069f4670585485bc48bbde3fb4c6f88e619/certificates/s13_principal_hessian.json,results/b517afe774be43a1b885808807771069f4670585485bc48bbde3fb4c6f88e619/certificates/s13_principal_hessian.json,
S-14,S,hodge/symmetry_breaking_scan.py,Introduce controlled symmetry breaking.,declared_by_master_instruction,execution_order_and_scientific_gates,PASS_CONVERGED,b517afe774be43a1b885808807771069f4670585485bc48bbde3fb4c6f88e619,results/b517afe774be43a1b885808807771069f4670585485bc48bbde3fb4c6f88e619/raw/symmetry_breaking_scan.parquet,results/b517afe774be43a1b885808807771069f4670585485bc48bbde3fb4c6f88e619/raw/symmetry_breaking_scan.parquet,results/b517afe774be43a1b885808807771069f4670585485bc48bbde3fb4c6f88e619/certificates/s14_symmetry_breaking.json,
S-15,S,model/multiorbital_robustness.py,"Activate the full s,p_1,p_2 orbital Hamiltonian.",declared_by_master_instruction,execution_order_and_scientific_gates,PASS_CONVERGED,b517afe774be43a1b885808807771069f4670585485bc48bbde3fb4c6f88e619,results/b517afe774be43a1b885808807771069f4670585485bc48bbde3fb4c6f88e619/raw/multiorbital_character_blocks.h5,results/b517afe774be43a1b885808807771069f4670585485bc48bbde3fb4c6f88e619/raw/multiorbital_robustness.parquet,results/b517afe774be43a1b885808807771069f4670585485bc48bbde3fb4c6f88e619/certificates/s15_multiorbital_robustness.json,
S-16,S,model/negative_control_trace_root.py,Construct a deliberate anisotropic example in the SAME model family where:,declared_by_master_instruction,execution_order_and_scientific_gates,FAIL_EXPECTED,b517afe774be43a1b885808807771069f4670585485bc48bbde3fb4c6f88e619,results/b517afe774be43a1b885808807771069f4670585485bc48bbde3fb4c6f88e619/raw/negative_control_trace_root.parquet,results/b517afe774be43a1b885808807771069f4670585485bc48bbde3fb4c6f88e619/raw/negative_control_trace_root.parquet,results/b517afe774be43a1b885808807771069f4670585485bc48bbde3fb4c6f88e619/certificates/s16_trace_root_negative_control.json,
S-17,S,spectral/operational_magic_metrics.py,For one preregistered target calculate simultaneously:,declared_by_master_instruction,execution_order_and_scientific_gates,PASS_CONVERGED,b8722dc68f6c7ed04cc5d48023a0d7f52f1fe92153bb362cc57dc7144cdf17ad,results/b8722dc68f6c7ed04cc5d48023a0d7f52f1fe92153bb362cc57dc7144cdf17ad/raw/operational_magic.zarr,results/b8722dc68f6c7ed04cc5d48023a0d7f52f1fe92153bb362cc57dc7144cdf17ad/derived/operational_magic_metrics.parquet,results/b8722dc68f6c7ed04cc5d48023a0d7f52f1fe92153bb362cc57dc7144cdf17ad/certificates/s17_operational_magic_metrics.json,finite active-fiber scope; no frozen S-07/S-08 bulk promotion
S-18,S,spectral/master_curve_collapse.py,Test normalized spectral collapse across multiple:,declared_by_master_instruction,execution_order_and_scientific_gates,INCONCLUSIVE,b8722dc68f6c7ed04cc5d48023a0d7f52f1fe92153bb362cc57dc7144cdf17ad,results/b8722dc68f6c7ed04cc5d48023a0d7f52f1fe92153bb362cc57dc7144cdf17ad/raw/master_curve_complete_spectra.zarr,results/b8722dc68f6c7ed04cc5d48023a0d7f52f1fe92153bb362cc57dc7144cdf17ad/derived/s18_master_curve_collapse,results/b8722dc68f6c7ed04cc5d48023a0d7f52f1fe92153bb362cc57dc7144cdf17ad/certificates/s18_master_curve_collapse.json,finite active-fiber scope; no frozen S-07/S-08 bulk promotion
S-19,S,spectral/geometry_spectrum_factorization.py,Numerically test the geometry × spectral-response exponent factorization.,declared_by_master_instruction,execution_order_and_scientific_gates,PASS_CONVERGED,b8722dc68f6c7ed04cc5d48023a0d7f52f1fe92153bb362cc57dc7144cdf17ad,results/b8722dc68f6c7ed04cc5d48023a0d7f52f1fe92153bb362cc57dc7144cdf17ad/raw/s19_independent_derivative_inputs.parquet,results/b8722dc68f6c7ed04cc5d48023a0d7f52f1fe92153bb362cc57dc7144cdf17ad/derived/geometry_spectrum_factorization.parquet,results/b8722dc68f6c7ed04cc5d48023a0d7f52f1fe92153bb362cc57dc7144cdf17ad/certificates/s19_geometry_spectrum_factorization.json,finite active-fiber scope; no frozen S-07/S-08 bulk promotion
S-20,S,spectral/magic_landscape.py,Compute the full,declared_by_master_instruction,execution_order_and_scientific_gates,PASS_CONVERGED,b8722dc68f6c7ed04cc5d48023a0d7f52f1fe92153bb362cc57dc7144cdf17ad,results/b8722dc68f6c7ed04cc5d48023a0d7f52f1fe92153bb362cc57dc7144cdf17ad/raw/magic_landscape.zarr,results/b8722dc68f6c7ed04cc5d48023a0d7f52f1fe92153bb362cc57dc7144cdf17ad/derived/magic_landscape_flat.parquet,results/b8722dc68f6c7ed04cc5d48023a0d7f52f1fe92153bb362cc57dc7144cdf17ad/certificates/s20_magic_landscape.json,finite active-fiber scope; no frozen S-07/S-08 bulk promotion
S-21,S,spectral/bifurcation_certificates.sage,Locate possible folds/cusps and certify the required derivative conditions where they occur.,declared_by_master_instruction,execution_order_and_scientific_gates,INCONCLUSIVE,b8722dc68f6c7ed04cc5d48023a0d7f52f1fe92153bb362cc57dc7144cdf17ad,results/b8722dc68f6c7ed04cc5d48023a0d7f52f1fe92153bb362cc57dc7144cdf17ad/raw/s21_landscape_derivatives.parquet,results/b8722dc68f6c7ed04cc5d48023a0d7f52f1fe92153bb362cc57dc7144cdf17ad/derived/bifurcation_diagnostics.parquet,results/b8722dc68f6c7ed04cc5d48023a0d7f52f1fe92153bb362cc57dc7144cdf17ad/certificates/s21_bifurcation_certificates.json,finite active-fiber scope; no frozen S-07/S-08 bulk promotion
S-22,S,spectral/curvature_born_branch.py,Compare the same preregistered target between:,declared_by_master_instruction,execution_order_and_scientific_gates,INCONCLUSIVE,b8722dc68f6c7ed04cc5d48023a0d7f52f1fe92153bb362cc57dc7144cdf17ad,results/b8722dc68f6c7ed04cc5d48023a0d7f52f1fe92153bb362cc57dc7144cdf17ad/raw/s22_branch_catalog.parquet,results/b8722dc68f6c7ed04cc5d48023a0d7f52f1fe92153bb362cc57dc7144cdf17ad/derived/curvature_born_branch_comparison.parquet,results/b8722dc68f6c7ed04cc5d48023a0d7f52f1fe92153bb362cc57dc7144cdf17ad/certificates/s22_curvature_born_branch.json,finite active-fiber scope; no frozen S-07/S-08 bulk promotion
S-23,S,spectral/symmetry_vs_flatness.py,Separate:,declared_by_master_instruction,execution_order_and_scientific_gates,PASS_CERTIFIED,b8722dc68f6c7ed04cc5d48023a0d7f52f1fe92153bb362cc57dc7144cdf17ad,results/b8722dc68f6c7ed04cc5d48023a0d7f52f1fe92153bb362cc57dc7144cdf17ad/raw/s23_symmetry_perturbation_responses.parquet,results/b8722dc68f6c7ed04cc5d48023a0d7f52f1fe92153bb362cc57dc7144cdf17ad/derived/symmetry_vs_flatness.parquet,results/b8722dc68f6c7ed04cc5d48023a0d7f52f1fe92153bb362cc57dc7144cdf17ad/certificates/s23_symmetry_vs_flatness.json,finite active-fiber scope; no frozen S-07/S-08 bulk promotion
S-24,S,spectral/reverse_falsification.py,Deliberately violate one-parameter universality using:,declared_by_master_instruction,execution_order_and_scientific_gates,FAIL_EXPECTED,b8722dc68f6c7ed04cc5d48023a0d7f52f1fe92153bb362cc57dc7144cdf17ad,results/b8722dc68f6c7ed04cc5d48023a0d7f52f1fe92153bb362cc57dc7144cdf17ad/raw/reverse_falsification_spectra.zarr,results/b8722dc68f6c7ed04cc5d48023a0d7f52f1fe92153bb362cc57dc7144cdf17ad/derived/reverse_falsification_residuals.parquet,results/b8722dc68f6c7ed04cc5d48023a0d7f52f1fe92153bb362cc57dc7144cdf17ad/certificates/s24_reverse_falsification.json,finite active-fiber scope; no frozen S-07/S-08 bulk promotion
B-01,B,bulk/finite_cover_spectra.py,Compute finite-cover spectra across several tower depths.,declared_by_master_instruction,execution_order_and_scientific_gates,PASS_CONVERGED,bc88adefcf5cde1d8c29a2742ddbc043f41f54608da2688dc37e73b8b2491e50,results/0b4258f5846301f260d77c64f2f0dfe91223d082a5342044235db030dbb12203/raw/finite_cover_spectra,results/0b4258f5846301f260d77c64f2f0dfe91223d082a5342044235db030dbb12203/derived/b01_finite_cover_edge_spectra.parquet,results/bc88adefcf5cde1d8c29a2742ddbc043f41f54608da2688dc37e73b8b2491e50/certificates/b01_verified_reuse.json,
B-02,B,bulk/lifted_weyl_no_loss.py,Construct lifted Weyl vectors to test no spectral loss.,declared_by_master_instruction,execution_order_and_scientific_gates,PASS_CERTIFIED,bc88adefcf5cde1d8c29a2742ddbc043f41f54608da2688dc37e73b8b2491e50,results/bc88adefcf5cde1d8c29a2742ddbc043f41f54608da2688dc37e73b8b2491e50/raw/lifted_weyl_vectors.parquet,results/bc88adefcf5cde1d8c29a2742ddbc043f41f54608da2688dc37e73b8b2491e50/derived/b02_no_loss_errors.parquet,results/bc88adefcf5cde1d8c29a2742ddbc043f41f54608da2688dc37e73b8b2491e50/certificates/b02_lifted_weyl_no_loss.json,
B-03,B,bulk/no_pollution_certificate.py,Test upper spectral inclusion on the same retained sector.,declared_by_master_instruction,execution_order_and_scientific_gates,PASS_CERTIFIED,bc88adefcf5cde1d8c29a2742ddbc043f41f54608da2688dc37e73b8b2491e50,results/bc88adefcf5cde1d8c29a2742ddbc043f41f54608da2688dc37e73b8b2491e50/raw/no_pollution_block_tests.parquet,results/bc88adefcf5cde1d8c29a2742ddbc043f41f54608da2688dc37e73b8b2491e50/derived/b03_no_pollution_summary.parquet,results/bc88adefcf5cde1d8c29a2742ddbc043f41f54608da2688dc37e73b8b2491e50/certificates/b03_no_pollution_certificate.json,
B-04,B,bulk/edge_gap_transport.py,Measure convergence of:,declared_by_master_instruction,execution_order_and_scientific_gates,PASS_CERTIFIED,bc88adefcf5cde1d8c29a2742ddbc043f41f54608da2688dc37e73b8b2491e50,results/bc88adefcf5cde1d8c29a2742ddbc043f41f54608da2688dc37e73b8b2491e50/raw/edge_gap_transport.parquet,results/bc88adefcf5cde1d8c29a2742ddbc043f41f54608da2688dc37e73b8b2491e50/derived/b04_edge_gap_transport.parquet,results/bc88adefcf5cde1d8c29a2742ddbc043f41f54608da2688dc37e73b8b2491e50/certificates/b04_edge_gap_transport.json,
B-05,B,bulk/operator_tempered_test.py,Classify towers according to the manuscript's declared operator-tempered / operator-Ramanujan criteria.,declared_by_master_instruction,execution_order_and_scientific_gates,PASS_CERTIFIED,bc88adefcf5cde1d8c29a2742ddbc043f41f54608da2688dc37e73b8b2491e50,results/bc88adefcf5cde1d8c29a2742ddbc043f41f54608da2688dc37e73b8b2491e50/raw/operator_tempered_classification.parquet,results/bc88adefcf5cde1d8c29a2742ddbc043f41f54608da2688dc37e73b8b2491e50/derived/b05_operator_tempered_test.parquet,results/bc88adefcf5cde1d8c29a2742ddbc043f41f54608da2688dc37e73b8b2491e50/certificates/b05_operator_tempered_test.json,
B-06,B,bulk/cross_tower_independence.py,Compare at least THREE inequivalent cover towers.,declared_by_master_instruction,execution_order_and_scientific_gates,PASS_CONVERGED,bc88adefcf5cde1d8c29a2742ddbc043f41f54608da2688dc37e73b8b2491e50,results/bc88adefcf5cde1d8c29a2742ddbc043f41f54608da2688dc37e73b8b2491e50/raw/cross_tower_fixed_broadening_dos.parquet,results/bc88adefcf5cde1d8c29a2742ddbc043f41f54608da2688dc37e73b8b2491e50/derived/b06_cross_tower_residuals.parquet,results/bc88adefcf5cde1d8c29a2742ddbc043f41f54608da2688dc37e73b8b2491e50/certificates/b06_cross_tower_independence.json,
B-07,B,representation/wedderburn_exact.py,For every finite quotient compute the COMPLETE irreducible block decomposition with correct multiplicities.,declared_by_master_instruction,execution_order_and_scientific_gates,PASS_CERTIFIED,bc88adefcf5cde1d8c29a2742ddbc043f41f54608da2688dc37e73b8b2491e50,results/618264e7923cf816783616b6dfc40fee0f8ca17a70a511610028fb0120841d47/raw/representation,results/618264e7923cf816783616b6dfc40fee0f8ca17a70a511610028fb0120841d47/derived/wedderburn_block_spectra.parquet,results/bc88adefcf5cde1d8c29a2742ddbc043f41f54608da2688dc37e73b8b2491e50/certificates/b07_verified_reuse.json,
B-08,B,representation/character_incompleteness.py,Explicitly compare:,declared_by_master_instruction,execution_order_and_scientific_gates,FAIL_EXPECTED,bc88adefcf5cde1d8c29a2742ddbc043f41f54608da2688dc37e73b8b2491e50,results/bc88adefcf5cde1d8c29a2742ddbc043f41f54608da2688dc37e73b8b2491e50/raw/character_incompleteness.parquet,results/bc88adefcf5cde1d8c29a2742ddbc043f41f54608da2688dc37e73b8b2491e50/derived/b08_character_incompleteness.parquet,results/bc88adefcf5cde1d8c29a2742ddbc043f41f54608da2688dc37e73b8b2491e50/certificates/b08_character_incompleteness.json,
B-09,B,representation/public_projector_crosscheck.py,"Where public finite-group projector matrices are available, compare the internally constructed irreducible projectors to the public ones.",declared_by_master_instruction,execution_order_and_scientific_gates,INCONCLUSIVE,bc88adefcf5cde1d8c29a2742ddbc043f41f54608da2688dc37e73b8b2491e50,results/bc88adefcf5cde1d8c29a2742ddbc043f41f54608da2688dc37e73b8b2491e50/raw/public_projector_inventory.parquet,results/bc88adefcf5cde1d8c29a2742ddbc043f41f54608da2688dc37e73b8b2491e50/derived/b09_public_projector_crosscheck.parquet,results/bc88adefcf5cde1d8c29a2742ddbc043f41f54608da2688dc37e73b8b2491e50/certificates/b09_public_projector_crosscheck.json,
B-10,B,bulk/common_space_embedding.py,Transport different cutoff operators to one common Hilbert space.,declared_by_master_instruction,execution_order_and_scientific_gates,PASS_CERTIFIED,bc88adefcf5cde1d8c29a2742ddbc043f41f54608da2688dc37e73b8b2491e50,results/bc88adefcf5cde1d8c29a2742ddbc043f41f54608da2688dc37e73b8b2491e50/raw/common_space_embeddings.parquet,results/bc88adefcf5cde1d8c29a2742ddbc043f41f54608da2688dc37e73b8b2491e50/derived/b10_common_space_embedding.parquet,results/bc88adefcf5cde1d8c29a2742ddbc043f41f54608da2688dc37e73b8b2491e50/certificates/b10_common_space_embedding.json,
B-11,B,bulk/full_shell_balance.py,Increase physical shell cutoff L_j while controlling normalized tails.,declared_by_master_instruction,execution_order_and_scientific_gates,PASS_CERTIFIED,bc88adefcf5cde1d8c29a2742ddbc043f41f54608da2688dc37e73b8b2491e50,results/bc88adefcf5cde1d8c29a2742ddbc043f41f54608da2688dc37e73b8b2491e50/raw/full_shell_balance.parquet,results/bc88adefcf5cde1d8c29a2742ddbc043f41f54608da2688dc37e73b8b2491e50/derived/b11_full_shell_balance.parquet,results/bc88adefcf5cde1d8c29a2742ddbc043f41f54608da2688dc37e73b8b2491e50/certificates/b11_full_shell_balance.json,
B-12,B,bulk/full_shell_spectral_inheritance.py,Propagate full-shell convergence to:,declared_by_master_instruction,execution_order_and_scientific_gates,PASS_CERTIFIED,bc88adefcf5cde1d8c29a2742ddbc043f41f54608da2688dc37e73b8b2491e50,results/bc88adefcf5cde1d8c29a2742ddbc043f41f54608da2688dc37e73b8b2491e50/raw/full_shell_spectral_inheritance.parquet,results/bc88adefcf5cde1d8c29a2742ddbc043f41f54608da2688dc37e73b8b2491e50/derived/b12_full_shell_spectral_inheritance.parquet,results/bc88adefcf5cde1d8c29a2742ddbc043f41f54608da2688dc37e73b8b2491e50/certificates/b12_full_shell_spectral_inheritance.json,
B-13,B,bulk/derivative_tiers.py,"Run separate C0, C1 and C2 convergence tests.",declared_by_master_instruction,execution_order_and_scientific_gates,PASS_CERTIFIED,bc88adefcf5cde1d8c29a2742ddbc043f41f54608da2688dc37e73b8b2491e50,results/bc88adefcf5cde1d8c29a2742ddbc043f41f54608da2688dc37e73b8b2491e50/raw/derivative_tier_errors.parquet,results/bc88adefcf5cde1d8c29a2742ddbc043f41f54608da2688dc37e73b8b2491e50/derived/b13_derivative_tiers.parquet,results/bc88adefcf5cde1d8c29a2742ddbc043f41f54608da2688dc37e73b8b2491e50/certificates/b13_derivative_tiers.json,
B-14,B,bulk/open_patch_control.py,Compare boundaryless covers with large open hyperbolic disks.,declared_by_master_instruction,execution_order_and_scientific_gates,PASS_CONVERGED,bc88adefcf5cde1d8c29a2742ddbc043f41f54608da2688dc37e73b8b2491e50,results/bc88adefcf5cde1d8c29a2742ddbc043f41f54608da2688dc37e73b8b2491e50/raw/open_patch_boundary_fractions.parquet,results/bc88adefcf5cde1d8c29a2742ddbc043f41f54608da2688dc37e73b8b2491e50/derived/b14_open_patch_control.parquet,results/bc88adefcf5cde1d8c29a2742ddbc043f41f54608da2688dc37e73b8b2491e50/certificates/b14_open_patch_control.json,
B-15,B,bulk/injectivity_radius_audit.py,"For every finite cover, record:",declared_by_master_instruction,execution_order_and_scientific_gates,PASS_CERTIFIED,bc88adefcf5cde1d8c29a2742ddbc043f41f54608da2688dc37e73b8b2491e50,results/bc88adefcf5cde1d8c29a2742ddbc043f41f54608da2688dc37e73b8b2491e50/raw/injectivity_radius_audit.parquet,results/bc88adefcf5cde1d8c29a2742ddbc043f41f54608da2688dc37e73b8b2491e50/derived/b15_injectivity_radius_audit.parquet,results/bc88adefcf5cde1d8c29a2742ddbc043f41f54608da2688dc37e73b8b2491e50/certificates/b15_injectivity_radius_audit.json,
D-01,D,dos/kpm_slq_dos.py,Compute large-system DOS using KPM and/or SLQ.,declared_by_master_instruction,execution_order_and_scientific_gates,PASS_CONVERGED,1627160ede36cf9bca3d73f045a51744f68d96b5847fad67e563cb57b8fd63f1,results/27d1e08e091bf4f37bca005bd5553e658010e3088fa6602ac80ba4d9b9e97f2d/raw/d01_kpm_slq_dos,results/27d1e08e091bf4f37bca005bd5553e658010e3088fa6602ac80ba4d9b9e97f2d/derived/d01_kpm_slq_dos.parquet,results/27d1e08e091bf4f37bca005bd5553e658010e3088fa6602ac80ba4d9b9e97f2d/certificates/d01_kpm_slq_dos.json,hash-only reuse from frozen run 27d1e08e091bf4f37bca005bd5553e658010e3088fa6602ac80ba4d9b9e97f2d; not rerun hash-only reuse from frozen run 43f9b7b4b5c94c4034f024b32b9c4480ec9fc3c3c42b57f9a9891f80b2df87b2; not rerun hash-only reuse from frozen D-09 predecessor c18268c9a866f12d54496506737595d8a16eb96c2e8778053503813a789f5647; not rerun hash-only reuse from frozen D-14 QA predecessor ed350b4ade947be9a310532f8fd8e643030e35205b74ea14bf01ca4c48844ec4; not rerun
D-02,D,dos/cdf_local_law.py,Compute the sup CDF error,declared_by_master_instruction,execution_order_and_scientific_gates,PASS_CONVERGED,1627160ede36cf9bca3d73f045a51744f68d96b5847fad67e563cb57b8fd63f1,results/27d1e08e091bf4f37bca005bd5553e658010e3088fa6602ac80ba4d9b9e97f2d/raw/d02_cdf_local_law,results/27d1e08e091bf4f37bca005bd5553e658010e3088fa6602ac80ba4d9b9e97f2d/derived/d02_cdf_local_law.parquet,results/27d1e08e091bf4f37bca005bd5553e658010e3088fa6602ac80ba4d9b9e97f2d/certificates/d02_cdf_local_law.json,hash-only reuse from frozen run 27d1e08e091bf4f37bca005bd5553e658010e3088fa6602ac80ba4d9b9e97f2d; not rerun hash-only reuse from frozen run 43f9b7b4b5c94c4034f024b32b9c4480ec9fc3c3c42b57f9a9891f80b2df87b2; not rerun hash-only reuse from frozen D-09 predecessor c18268c9a866f12d54496506737595d8a16eb96c2e8778053503813a789f5647; not rerun hash-only reuse from frozen D-14 QA predecessor ed350b4ade947be9a310532f8fd8e643030e35205b74ea14bf01ca4c48844ec4; not rerun
D-03,D,dos/vanishing_broadening.py,Choose eta_N -> 0.,declared_by_master_instruction,execution_order_and_scientific_gates,INCONCLUSIVE,1627160ede36cf9bca3d73f045a51744f68d96b5847fad67e563cb57b8fd63f1,results/27d1e08e091bf4f37bca005bd5553e658010e3088fa6602ac80ba4d9b9e97f2d/raw/d03_vanishing_broadening,results/27d1e08e091bf4f37bca005bd5553e658010e3088fa6602ac80ba4d9b9e97f2d/derived/d03_vanishing_broadening.parquet,results/27d1e08e091bf4f37bca005bd5553e658010e3088fa6602ac80ba4d9b9e97f2d/certificates/d03_vanishing_broadening.json,fewer than three within-tower levels hash-only reuse from frozen run 27d1e08e091bf4f37bca005bd5553e658010e3088fa6602ac80ba4d9b9e97f2d; not rerun hash-only reuse from frozen run 43f9b7b4b5c94c4034f024b32b9c4480ec9fc3c3c42b57f9a9891f80b2df87b2; not rerun hash-only reuse from frozen D-09 predecessor c18268c9a866f12d54496506737595d8a16eb96c2e8778053503813a789f5647; not rerun hash-only reuse from frozen D-14 QA predecessor ed350b4ade947be9a310532f8fd8e643030e35205b74ea14bf01ca4c48844ec4; not rerun
D-04,D,dos/unsmoothed_density.py,Only run an unsmoothed density theorem on sectors satisfying the required uniform regularity hypotheses.,declared_by_master_instruction,execution_order_and_scientific_gates,INCONCLUSIVE,1627160ede36cf9bca3d73f045a51744f68d96b5847fad67e563cb57b8fd63f1,results/27d1e08e091bf4f37bca005bd5553e658010e3088fa6602ac80ba4d9b9e97f2d/raw/d04_unsmoothed_density,results/27d1e08e091bf4f37bca005bd5553e658010e3088fa6602ac80ba4d9b9e97f2d/derived/d04_unsmoothed_density.parquet,results/27d1e08e091bf4f37bca005bd5553e658010e3088fa6602ac80ba4d9b9e97f2d/certificates/d04_unsmoothed_density.json,no uniform-regularity plus D-03 asymptotic gate hash-only reuse from frozen run 27d1e08e091bf4f37bca005bd5553e658010e3088fa6602ac80ba4d9b9e97f2d; not rerun hash-only reuse from frozen run 43f9b7b4b5c94c4034f024b32b9c4480ec9fc3c3c42b57f9a9891f80b2df87b2; not rerun hash-only reuse from frozen D-09 predecessor c18268c9a866f12d54496506737595d8a16eb96c2e8778053503813a789f5647; not rerun hash-only reuse from frozen D-14 QA predecessor ed350b4ade947be9a310532f8fd8e643030e35205b74ea14bf01ca4c48844ec4; not rerun
D-05,D,dos/coherence_weighted_dos.py,Compute the preregistered coherence-weighted spectral measure.,declared_by_master_instruction,execution_order_and_scientific_gates,INCONCLUSIVE,1627160ede36cf9bca3d73f045a51744f68d96b5847fad67e563cb57b8fd63f1,results/27d1e08e091bf4f37bca005bd5553e658010e3088fa6602ac80ba4d9b9e97f2d/raw/d05_coherence_weighted_dos,results/27d1e08e091bf4f37bca005bd5553e658010e3088fa6602ac80ba4d9b9e97f2d/derived/d05_coherence_weighted_dos.parquet,results/27d1e08e091bf4f37bca005bd5553e658010e3088fa6602ac80ba4d9b9e97f2d/certificates/d05_coherence_weighted_dos.json,D-03 asymptotic gate inconclusive hash-only reuse from frozen run 27d1e08e091bf4f37bca005bd5553e658010e3088fa6602ac80ba4d9b9e97f2d; not rerun hash-only reuse from frozen run 43f9b7b4b5c94c4034f024b32b9c4480ec9fc3c3c42b57f9a9891f80b2df87b2; not rerun hash-only reuse from frozen D-09 predecessor c18268c9a866f12d54496506737595d8a16eb96c2e8778053503813a789f5647; not rerun hash-only reuse from frozen D-14 QA predecessor ed350b4ade947be9a310532f8fd8e643030e35205b74ea14bf01ca4c48844ec4; not rerun
D-06,D,diffraction/nonabelian_structure_factor.py,Compute the finite-group / non-Abelian generalized structure factor.,declared_by_master_instruction,execution_order_and_scientific_gates,PASS_CERTIFIED,1627160ede36cf9bca3d73f045a51744f68d96b5847fad67e563cb57b8fd63f1,results/27d1e08e091bf4f37bca005bd5553e658010e3088fa6602ac80ba4d9b9e97f2d/raw/d06_nonabelian_structure_factor,results/27d1e08e091bf4f37bca005bd5553e658010e3088fa6602ac80ba4d9b9e97f2d/derived/d06_nonabelian_structure_factor.parquet,results/27d1e08e091bf4f37bca005bd5553e658010e3088fa6602ac80ba4d9b9e97f2d/certificates/d06_nonabelian_structure_factor.json,hash-only reuse from frozen run 27d1e08e091bf4f37bca005bd5553e658010e3088fa6602ac80ba4d9b9e97f2d; not rerun hash-only reuse from frozen run 43f9b7b4b5c94c4034f024b32b9c4480ec9fc3c3c42b57f9a9891f80b2df87b2; not rerun hash-only reuse from frozen D-09 predecessor c18268c9a866f12d54496506737595d8a16eb96c2e8778053503813a789f5647; not rerun hash-only reuse from frozen D-14 QA predecessor ed350b4ade947be9a310532f8fd8e643030e35205b74ea14bf01ca4c48844ec4; not rerun
D-07,D,diffraction/exact_vs_incommensurate.py,Demonstrate the distinction between:,declared_by_master_instruction,execution_order_and_scientific_gates,PASS_CERTIFIED,1627160ede36cf9bca3d73f045a51744f68d96b5847fad67e563cb57b8fd63f1,results/27d1e08e091bf4f37bca005bd5553e658010e3088fa6602ac80ba4d9b9e97f2d/raw/d07_exact_vs_incommensurate,results/27d1e08e091bf4f37bca005bd5553e658010e3088fa6602ac80ba4d9b9e97f2d/derived/d07_exact_vs_incommensurate.parquet,results/27d1e08e091bf4f37bca005bd5553e658010e3088fa6602ac80ba4d9b9e97f2d/certificates/d07_exact_vs_incommensurate.json,hash-only reuse from frozen run 27d1e08e091bf4f37bca005bd5553e658010e3088fa6602ac80ba4d9b9e97f2d; not rerun hash-only reuse from frozen run 43f9b7b4b5c94c4034f024b32b9c4480ec9fc3c3c42b57f9a9891f80b2df87b2; not rerun hash-only reuse from frozen D-09 predecessor c18268c9a866f12d54496506737595d8a16eb96c2e8778053503813a789f5647; not rerun hash-only reuse from frozen D-14 QA predecessor ed350b4ade947be9a310532f8fd8e643030e35205b74ea14bf01ca4c48844ec4; not rerun
D-08,D,diffraction/arithmetic_complexity.py,Verify that the generalized exact diffraction-representation dimension inherits the explicit sequence's arithmetic exponent.,declared_by_master_instruction,execution_order_and_scientific_gates,PASS_CERTIFIED,1627160ede36cf9bca3d73f045a51744f68d96b5847fad67e563cb57b8fd63f1,results/c18268c9a866f12d54496506737595d8a16eb96c2e8778053503813a789f5647/raw/d08_theorem_matched,results/c18268c9a866f12d54496506737595d8a16eb96c2e8778053503813a789f5647/derived/d08_theorem_matched,results/c18268c9a866f12d54496506737595d8a16eb96c2e8778053503813a789f5647/certificates/d08_theorem_matched.json,frozen label preserved; root-cause audit classifies operational blocker as FAIL_IMPLEMENTATION because the 16-point tail regression is ill-conditioned hash-only reuse from frozen D-09 predecessor c18268c9a866f12d54496506737595d8a16eb96c2e8778053503813a789f5647; not rerun hash-only reuse from frozen D-14 QA predecessor ed350b4ade947be9a310532f8fd8e643030e35205b74ea14bf01ca4c48844ec4; not rerun
D-09,D,external/reproduce_hyperbloch_dos.py,Reproduce selected published/public HyperBloch / HyperCells benchmark results.,declared_by_master_instruction,execution_order_and_scientific_gates,PASS_EXTERNAL,1627160ede36cf9bca3d73f045a51744f68d96b5847fad67e563cb57b8fd63f1,results/ed350b4ade947be9a310532f8fd8e643030e35205b74ea14bf01ca4c48844ec4/raw/d09_reproduce_hyperbloch_dos,results/ed350b4ade947be9a310532f8fd8e643030e35205b74ea14bf01ca4c48844ec4/derived/d09_reproduce_hyperbloch_dos.parquet,results/ed350b4ade947be9a310532f8fd8e643030e35205b74ea14bf01ca4c48844ec4/certificates/d09_reproduce_hyperbloch_dos.json,hash-only reuse from frozen D-14 QA predecessor ed350b4ade947be9a310532f8fd8e643030e35205b74ea14bf01ca4c48844ec4; not rerun
D-10,D,external/reproduce_public_graphs.py,"Compare independently constructed graphs, supercells and boundary identifications against public datasets.",declared_by_master_instruction,execution_order_and_scientific_gates,PASS_EXTERNAL,1627160ede36cf9bca3d73f045a51744f68d96b5847fad67e563cb57b8fd63f1,results/ed350b4ade947be9a310532f8fd8e643030e35205b74ea14bf01ca4c48844ec4/raw/d10_reproduce_public_graphs,results/ed350b4ade947be9a310532f8fd8e643030e35205b74ea14bf01ca4c48844ec4/derived/d10_reproduce_public_graphs.parquet,results/ed350b4ade947be9a310532f8fd8e643030e35205b74ea14bf01ca4c48844ec4/certificates/d10_reproduce_public_graphs.json,hash-only reuse from frozen D-14 QA predecessor ed350b4ade947be9a310532f8fd8e643030e35205b74ea14bf01ca4c48844ec4; not rerun
D-11,D,external/circuit_laplacian_mapping.py,Construct a circuit-Laplacian representation of selected ARO-3B Hamiltonian sectors.,declared_by_master_instruction,execution_order_and_scientific_gates,PASS_CONVERGED,1627160ede36cf9bca3d73f045a51744f68d96b5847fad67e563cb57b8fd63f1,results/ed350b4ade947be9a310532f8fd8e643030e35205b74ea14bf01ca4c48844ec4/raw/d11_circuit_laplacian_mapping,results/ed350b4ade947be9a310532f8fd8e643030e35205b74ea14bf01ca4c48844ec4/derived/d11_circuit_laplacian_mapping.parquet,results/ed350b4ade947be9a310532f8fd8e643030e35205b74ea14bf01ca4c48844ec4/certificates/d11_circuit_laplacian_mapping.json,hash-only reuse from frozen D-14 QA predecessor ed350b4ade947be9a310532f8fd8e643030e35205b74ea14bf01ca4c48844ec4; not rerun
D-12,D,external/reproduce_circuit_spectra.py,Reproduce published/public hyperbolic circuit spectral benchmarks.,declared_by_master_instruction,execution_order_and_scientific_gates,INCONCLUSIVE,1627160ede36cf9bca3d73f045a51744f68d96b5847fad67e563cb57b8fd63f1,results/ed350b4ade947be9a310532f8fd8e643030e35205b74ea14bf01ca4c48844ec4/raw/d12_reproduce_circuit_spectra,results/ed350b4ade947be9a310532f8fd8e643030e35205b74ea14bf01ca4c48844ec4/derived/d12_reproduce_circuit_spectra.parquet,results/ed350b4ade947be9a310532f8fd8e643030e35205b74ea14bf01ca4c48844ec4/certificates/d12_reproduce_circuit_spectra.json,hash-only reuse from frozen D-14 QA predecessor ed350b4ade947be9a310532f8fd8e643030e35205b74ea14bf01ca4c48844ec4; not rerun
D-13,D,audit/error_budget.py,"For every final scientific observable calculate a complete error budget containing, where relevant:",declared_by_master_instruction,execution_order_and_scientific_gates,PASS_CERTIFIED,1627160ede36cf9bca3d73f045a51744f68d96b5847fad67e563cb57b8fd63f1,results/ed350b4ade947be9a310532f8fd8e643030e35205b74ea14bf01ca4c48844ec4/raw/d13_error_budget,results/ed350b4ade947be9a310532f8fd8e643030e35205b74ea14bf01ca4c48844ec4/derived/error_budget.parquet,results/ed350b4ade947be9a310532f8fd8e643030e35205b74ea14bf01ca4c48844ec4/certificates/d13_error_budget.json,hash-only reuse from frozen D-14 QA predecessor ed350b4ade947be9a310532f8fd8e643030e35205b74ea14bf01ca4c48844ec4; not rerun
D-14,D,audit/validation_matrix.py,Create the final theorem-to-computation matrix.,declared_by_master_instruction,execution_order_and_scientific_gates,PASS_CERTIFIED,1627160ede36cf9bca3d73f045a51744f68d96b5847fad67e563cb57b8fd63f1,results/1627160ede36cf9bca3d73f045a51744f68d96b5847fad67e563cb57b8fd63f1/raw/d14_validation_matrix,results/1627160ede36cf9bca3d73f045a51744f68d96b5847fad67e563cb57b8fd63f1/derived/d14_validation_matrix,results/1627160ede36cf9bca3d73f045a51744f68d96b5847fad67e563cb57b8fd63f1/certificates/d14_validation_matrix.json,
D-15,D,plots/export_figure_data.py,Read ONLY saved derived data.,declared_by_master_instruction,execution_order_and_scientific_gates,PASS_CERTIFIED,1627160ede36cf9bca3d73f045a51744f68d96b5847fad67e563cb57b8fd63f1,results/ed350b4ade947be9a310532f8fd8e643030e35205b74ea14bf01ca4c48844ec4/raw/d15_export_figure_data,results/ed350b4ade947be9a310532f8fd8e643030e35205b74ea14bf01ca4c48844ec4/derived/d15_publication_outputs,results/ed350b4ade947be9a310532f8fd8e643030e35205b74ea14bf01ca4c48844ec4/certificates/d15_export_figure_data.json,hash-only reuse from frozen D-14 QA predecessor ed350b4ade947be9a310532f8fd8e643030e35205b74ea14bf01ca4c48844ec4; not rerun
NC-01,NC,assigned_by_owner_task,square five-state root-free model.,FAIL_EXPECTED,owning_scientific_task,FAIL_EXPECTED,1627160ede36cf9bca3d73f045a51744f68d96b5847fad67e563cb57b8fd63f1,results/ed350b4ade947be9a310532f8fd8e643030e35205b74ea14bf01ca4c48844ec4/raw/nc_01,results/ed350b4ade947be9a310532f8fd8e643030e35205b74ea14bf01ca4c48844ec4/derived/nc_01.parquet,results/ed350b4ade947be9a310532f8fd8e643030e35205b74ea14bf01ca4c48844ec4/certificates/nc_01.json,Mandatory negative control; never discard a failure. hash-only reuse from frozen D-14 QA predecessor ed350b4ade947be9a310532f8fd8e643030e35205b74ea14bf01ca4c48844ec4; not rerun
NC-02,NC,assigned_by_owner_task,trace root with nonzero traceless Hodge response.,FAIL_EXPECTED,owning_scientific_task,FAIL_EXPECTED,1627160ede36cf9bca3d73f045a51744f68d96b5847fad67e563cb57b8fd63f1,results/ed350b4ade947be9a310532f8fd8e643030e35205b74ea14bf01ca4c48844ec4/raw/nc_02,results/ed350b4ade947be9a310532f8fd8e643030e35205b74ea14bf01ca4c48844ec4/derived/nc_02.parquet,results/ed350b4ade947be9a310532f8fd8e643030e35205b74ea14bf01ca4c48844ec4/certificates/nc_02.json,Mandatory negative control; never discard a failure. hash-only reuse from frozen D-14 QA predecessor ed350b4ade947be9a310532f8fd8e643030e35205b74ea14bf01ca4c48844ec4; not rerun
NC-03,NC,assigned_by_owner_task,incommensurate approximation violating |delta theta| exp(L/R) -> 0.,FAIL_EXPECTED,owning_scientific_task,FAIL_EXPECTED,1627160ede36cf9bca3d73f045a51744f68d96b5847fad67e563cb57b8fd63f1,results/ed350b4ade947be9a310532f8fd8e643030e35205b74ea14bf01ca4c48844ec4/raw/nc_03,results/ed350b4ade947be9a310532f8fd8e643030e35205b74ea14bf01ca4c48844ec4/derived/nc_03.parquet,results/ed350b4ade947be9a310532f8fd8e643030e35205b74ea14bf01ca4c48844ec4/certificates/nc_03.json,Mandatory negative control; never discard a failure. hash-only reuse from frozen D-14 QA predecessor ed350b4ade947be9a310532f8fd8e643030e35205b74ea14bf01ca4c48844ec4; not rerun
NC-04,NC,assigned_by_owner_task,open hyperbolic disk exhibiting extensive boundary contamination.,FAIL_EXPECTED,owning_scientific_task,FAIL_EXPECTED,1627160ede36cf9bca3d73f045a51744f68d96b5847fad67e563cb57b8fd63f1,results/ed350b4ade947be9a310532f8fd8e643030e35205b74ea14bf01ca4c48844ec4/raw/nc_04,results/ed350b4ade947be9a310532f8fd8e643030e35205b74ea14bf01ca4c48844ec4/derived/nc_04.parquet,results/ed350b4ade947be9a310532f8fd8e643030e35205b74ea14bf01ca4c48844ec4/certificates/nc_04.json,Mandatory negative control; never discard a failure. hash-only reuse from frozen D-14 QA predecessor ed350b4ade947be9a310532f8fd8e643030e35205b74ea14bf01ca4c48844ec4; not rerun
NC-05,NC,assigned_by_owner_task,single character sector failing representation completeness.,FAIL_EXPECTED,owning_scientific_task,FAIL_EXPECTED,1627160ede36cf9bca3d73f045a51744f68d96b5847fad67e563cb57b8fd63f1,results/ed350b4ade947be9a310532f8fd8e643030e35205b74ea14bf01ca4c48844ec4/raw/nc_05,results/ed350b4ade947be9a310532f8fd8e643030e35205b74ea14bf01ca4c48844ec4/derived/nc_05.parquet,results/ed350b4ade947be9a310532f8fd8e643030e35205b74ea14bf01ca4c48844ec4/certificates/nc_05.json,Mandatory negative control; never discard a failure. hash-only reuse from frozen D-14 QA predecessor ed350b4ade947be9a310532f8fd8e643030e35205b74ea14bf01ca4c48844ec4; not rerun
NC-06,NC,assigned_by_owner_task,tower without no-pollution certification.,FAIL_EXPECTED,owning_scientific_task,FAIL_EXPECTED,1627160ede36cf9bca3d73f045a51744f68d96b5847fad67e563cb57b8fd63f1,results/ed350b4ade947be9a310532f8fd8e643030e35205b74ea14bf01ca4c48844ec4/raw/nc_06,results/ed350b4ade947be9a310532f8fd8e643030e35205b74ea14bf01ca4c48844ec4/derived/nc_06.parquet,results/ed350b4ade947be9a310532f8fd8e643030e35205b74ea14bf01ca4c48844ec4/certificates/nc_06.json,Mandatory negative control; never discard a failure. hash-only reuse from frozen D-14 QA predecessor ed350b4ade947be9a310532f8fd8e643030e35205b74ea14bf01ca4c48844ec4; not rerun
NC-07,NC,assigned_by_owner_task,C0 operator convergence without C1 derivative convergence.,FAIL_EXPECTED,owning_scientific_task,FAIL_EXPECTED,1627160ede36cf9bca3d73f045a51744f68d96b5847fad67e563cb57b8fd63f1,results/ed350b4ade947be9a310532f8fd8e643030e35205b74ea14bf01ca4c48844ec4/raw/nc_07,results/ed350b4ade947be9a310532f8fd8e643030e35205b74ea14bf01ca4c48844ec4/derived/nc_07.parquet,results/ed350b4ade947be9a310532f8fd8e643030e35205b74ea14bf01ca4c48844ec4/certificates/nc_07.json,Mandatory negative control; never discard a failure. hash-only reuse from frozen D-14 QA predecessor ed350b4ade947be9a310532f8fd8e643030e35205b74ea14bf01ca4c48844ec4; not rerun
NC-08,NC,assigned_by_owner_task,incorrect one-parameter master with an additional shape variable.,FAIL_EXPECTED,owning_scientific_task,FAIL_EXPECTED,1627160ede36cf9bca3d73f045a51744f68d96b5847fad67e563cb57b8fd63f1,results/ed350b4ade947be9a310532f8fd8e643030e35205b74ea14bf01ca4c48844ec4/raw/nc_08,results/ed350b4ade947be9a310532f8fd8e643030e35205b74ea14bf01ca4c48844ec4/derived/nc_08.parquet,results/ed350b4ade947be9a310532f8fd8e643030e35205b74ea14bf01ca4c48844ec4/certificates/nc_08.json,Mandatory negative control; never discard a failure. hash-only reuse from frozen D-14 QA predecessor ed350b4ade947be9a310532f8fd8e643030e35205b74ea14bf01ca4c48844ec4; not rerun
NC-09,NC,assigned_by_owner_task,wrong normalization/metric showing false apparent collapse.,FAIL_EXPECTED,owning_scientific_task,FAIL_EXPECTED,1627160ede36cf9bca3d73f045a51744f68d96b5847fad67e563cb57b8fd63f1,results/ed350b4ade947be9a310532f8fd8e643030e35205b74ea14bf01ca4c48844ec4/raw/nc_09,results/ed350b4ade947be9a310532f8fd8e643030e35205b74ea14bf01ca4c48844ec4/derived/nc_09.parquet,results/ed350b4ade947be9a310532f8fd8e643030e35205b74ea14bf01ca4c48844ec4/certificates/nc_09.json,Mandatory negative control; never discard a failure. hash-only reuse from frozen D-14 QA predecessor ed350b4ade947be9a310532f8fd8e643030e35205b74ea14bf01ca4c48844ec4; not rerun
